Size,Order,BST Height,AVL Height,BST Insert Time,AVL Insert Time
100,ascending,100,7,3.6e-05,2.5e-05
500,ascending,500,9,0.000837,0.000146
1000,ascending,1000,10,0.003128,0.000327
5000,ascending,5000,13,0.079709,0.00201
10000,ascending,10000,14,0.318716,0.004433
20000,ascending,20000,15,1.273368,0.009854
100,descending,100,7,3.5e-05,2.4e-05
500,descending,500,9,0.000734,0.000138
1000,descending,1000,10,0.00291,0.000332
5000,descending,5000,13,0.073091,0.001993
10000,descending,10000,14,0.296737,0.004275
20000,descending,20000,15,1.177447,0.009601
100,random,13,8,1.4e-05,3e-05
500,random,16,11,8.3e-05,0.000182
1000,random,21,12,0.000176,0.000435
5000,random,27,15,0.001154,0.002634
10000,random,31,16,0.002524,0.005641
20000,random,34,17,0.005605,0.012647
